Questions,Options,correct_answer,explanation
Question 1,Option 1,Correct Answer,Explanation text
,Option 2,,
,Option 3,,
,Option 4,,
,Option 5,,
Question 2,Option 1,Correct Answer,Explanation text
,Option 2,,
,Option 3,,
,Option 4,,
,Option 5,,
Question 3,Option 1,Correct Answer,Explanation text
,Option 2,,
,Option 3,,
,Option 4,,
,Option 5,,
Question 4,Option 1,Correct Answer,Explanation text
,Option 2,,
,Option 3,,
,Option 4,,
,Option 5,,
Question 5,Option 1,Correct Answer,Explanation text
,Option 2,,
,Option 3,,
,Option 4,,
,Option 5,,
Question 6,Option 1,Correct Answer,Explanation text
,Option 2,,
,Option 3,,
,Option 4,,
,Option 5,,
Question 7,Option 1,Correct Answer,Explanation text
,Option 2,,
,Option 3,,
,Option 4,,
,Option 5,,
An example of a chemical change is;,Option 1,Correct Answer,Explanation text
,Option 2,,
,Option 3,,
,Option 4,,
,Option 5,,
